age,value,variable1,variable2,new_variable
41.0,16.93548387096774,8.258064516129032,8.67741935483871,16.93548387096774
77.0,32.666666666666664,16.166666666666668,16.5,32.666666666666664
